<?xml version="1.0" encoding="UTF-8"?>
<!DOCTYPE mapper
  PUBLIC "-//mybatis.org//DTD Mapper 3.0//EN"
  "https://mybatis.org/dtd/mybatis-3-mapper.dtd">
  
  <mapper namespace="org.zerock.mapper.ProductMapper">
  
		  <!-- 제품 전체 목록 -->
		  <select id="proSelectAll" resultType="org.zerock.domain.ProductVO">
		  
		  	SELECT * FROM product
		  
		  </select>
		  
		  	<!--   페이징-->
			<select id="proSelectAllPaging" resultType="org.zerock.domain.ProductVO">
			<![CDATA[ SELECT pid, pname, price, description, maker, category, stock, condition, pimage, reviewCnt
			 FROM ( SELECT /*+INDEX_DESC(product pk_pid) */ 
			 rownum rn, pid, pname, price, description, maker, category, stock, condition, pimage, reviewCnt 
			 FROM product WHERE 
			 rownum <= #{amount} * #{pageNum} )
			 WHERE rn > #{amount} * ( #{pageNum} -1) ]]>
			</select>
			
			
			 <select id="totalCount" resultType="int">
			   	SELECT COUNT(*) FROM product
			  </select>
		  
		  <!-- 제품 상세 조회  -->
		  <select id="proSelect" resultType="org.zerock.domain.ProductVO">
		  
		 	 SELECT * FROM product WHERE pid = #{pid}
		 	 
		  </select>
		 
		  <!-- 제품 등록 -->
	  	  <insert id="proInsert">
	  	  
	  	  	INSERT INTO product VALUES (#{pid}, #{pname}, #{price}, #{description}, #{maker}, #{category}, #{stock}, #{condition}, #{pimage},'0')
	  	  	
	  	  </insert>
	
		  <!-- 제품 수정 -->
		  <update id="proUpdate">
		  
			  UPDATE product SET pid = #{pid}, pname = #{pname}, price = #{price}, description = #{description},
			  maker = #{maker}, CATEGORY = #{category}, STOCK = #{stock}, CONDITION = #{condition}, PIMAGE = #{pimage} 
			  WHERE pid = #{pid}
	
	  	  </update>
	  
	      <!-- 제품 삭제  --> 
	      <delete id="proDelete">
	  
	  		DELETE FROM product WHERE pid = #{pid}
	  	
	  	 </delete>
	  	 
	  	 
	  	 <!-- 리뷰 수 업데이트 -->
	  <!-- 댓글이  insert가 되면   -->
	  <update id="updateReviewCnt">
	  
	  	UPDATE product SET reviewCnt = reviewCnt + #{amount} WHERE  pid = #{pid}
	  
	  </update>
  
  </mapper>