<?xml version="1.0" encoding="UTF-8" ?>
<!DOCTYPE mapper
  PUBLIC "-//mybatis.org//DTD Mapper 3.0//EN"
  "https://mybatis.org/dtd/mybatis-3-mapper.dtd">
<mapper namespace="org.artauc.mapper.InqMapper">
	<sql id="criteria">
		<trim prefix="(" suffix=") AND " prefixOverrides="OR">
			<foreach item="type" collection="typeArr">
				<trim prefix="OR">
					<choose>
						<when test="type == 'T'.toString()">
							TITLE LIKE '%'||#{keyword}||'%'
						</when>
						<when test="type == 'C'.toString()">
							MID LIKE '%'||#{keyword}||'%'
						</when>
					</choose>
				</trim>
			</foreach>
		</trim>
	</sql>

	<select id="selectAllPaging"
		resultType="org.artauc.domain.InqVO">
  	<![CDATA[ 
    	SELECT RNO, MID, TITLE, DETAIL, WRITEDATE, ANSWERDATE
    	FROM   ( SELECT /*+INDEX_DESC(INQ PK_RNO) */
    					rownum rn, RNO, MID, TITLE, DETAIL, 
    					WRITEDATE, ANSWERDATE
    			 FROM   INQ
    			 WHERE  ]]>
		<include refid="criteria"></include>
    <![CDATA[ 	 		rownum <= #{amount} * #{pageNum})
    	WHERE  rn > #{amount} * (#{pageNum} - 1)    	
    ]]>
	</select>

	<select id="totalCount" resultType="int">
  	<![CDATA[ 
	  	SELECT 	COUNT(*) 
	  	FROM 	INQ
	    WHERE	]]>
		<include refid="criteria"></include>
		<!-- 보관해 둔 쿼리 사용 -->
	<![CDATA[ 	rno > 0	]]>
	</select>

	<select id="myCount" resultType="int">

		SELECT COUNT(*)
		FROM INQ
		WHERE
		mid
		= #{mid}
	</select>

	<select id="ansCount" resultType="int">
  <![CDATA[
    SELECT COUNT(*) FROM INQ WHERE ANSWERDATE IS NULL
  ]]>
	</select>

	<select id="mylist" resultType="org.artauc.domain.InqVO">
  <![CDATA[
    SELECT RNO, MID, TITLE, DETAIL, WRITEDATE, ANSWERDATE
    FROM (
      SELECT /*+INDEX_DESC(INQ PK_RNO) */ rownum rn,
             RNO,
             MID,
             TITLE,
             DETAIL,
             WRITEDATE,
             ANSWERDATE
      FROM INQ
       WHERE MID = #{mid}
   AND rownum <= #{cri.amount} * #{cri.pageNum})
    WHERE rn > #{cri.amount} * (#{cri.pageNum} - 1)  
  ]]>
	</select>

	<select id="answerlist" resultType="org.artauc.domain.InqVO">
  <![CDATA[
    SELECT RNO, MID, TITLE, DETAIL, WRITEDATE, ANSWERDATE
    FROM (
      SELECT /*+INDEX_DESC(INQ PK_RNO) */ rownum rn,
             RNO,
             MID,
             TITLE,
             DETAIL,
             WRITEDATE,
             ANSWERDATE
      FROM INQ
      WHERE ANSWERDATE IS NULL
        AND rownum <= #{amount} * #{pageNum}
    )
    WHERE rn > #{amount} * (#{pageNum} - 1)  
  ]]>
	</select>




	<insert id="insertSelectKey">
		<!-- PK 값을 미리 처리해서 ano에 저장 -->
		<selectKey keyProperty="rno" order="BEFORE" resultType="int">
			SELECT SEQ_INQ_RNO.NEXTVAL FROM dual
		</selectKey>

		<!-- 시퀀스 대신 저장해 둔 ano를 사용 -->
		INSERT INTO INQ ("RNO", "MID", "TITLE", "DETAIL",
		"WRITEDATE")
		VALUES (#{rno}, #{mid}, #{title}, #{detail}, SYSDATE)

	</insert>

	<select id="selectAll" resultType="org.artauc.domain.InqVO">
		SELECT * FROM INQ WHERE rno >
		0
	</select>

	<select id="select" resultType="org.artauc.domain.InqVO">
		SELECT * FROM INQ WHERE rno =
		#{rno}
	</select>

	<!-- <select id="mylist" resultType="org.artauc.domain.InqVO"> SELECT * 
		FROM INQ WHERE mid = #{mid} </select> -->

	<!-- <select id="answerlist" resultType="org.artauc.domain.InqVO"> SELECT 
		* FROM INQ WHERE ANSWERDATE IS NULL </select> -->

	<update id="update">
		UPDATE INQ
		SET TITLE = #{title}, DETAIL = #{detail},
		answer = #{answer},
		UPDATEDATE = SYSDATE
		WHERE rno = #{rno}
	</update>

	<delete id="delete">
		DELETE INQ WHERE rno = #{rno}
	</delete>

</mapper>