<?xml version="1.0" encoding="UTF-8"?>
<!DOCTYPE mapper
  PUBLIC "-//mybatis.org//DTD Mapper 3.0//EN"
  "https://mybatis.org/dtd/mybatis-3-mapper.dtd">
  
  
  <mapper namespace="org.zerock.mapper.MemberMapper">
  
  	<resultMap type="org.zerock.domain.MemberVO" id="memberMap">  <!--property에 있는건 vo에 있는거  column에는 db에 있는 이름으로 -->
  																  <!-- 만약에 db와 vo의 이름이 다를때 이렇게 처리해줄 수 있다. -->
  		<!-- 기본키 -->
  		<id property="id" column="id"/>
  		
  		<!--result는 값 하나만 가지고 있는  -->
  		<result property="id" column="id"/>
  		<result property="pw" column="pw"/>
  		<result property="name" column="name"/>
  		<result property="regDate" column="regDate"/>
  		<result property="updateDate" column="updateDate"/>
  		<result property="enabled" column="enabled"/>
  		
  		<!-- 값 여러개 가지고 있는 VO와 이름 맞춰서  -->
  		<collection property="authList" resultMap="authMap"/>
  	
  	</resultMap>
  	
  	<resultMap type="org.zerock.domain.AuthVO" id="authMap">
  		
  		<result property="id" column="id"/>
  		<result property="auth" column="auth"/>
  		
  	</resultMap>
  	 	
  	  <!-- developer에서 복사해서 가지고 올때 ; 빼기 !! -->
  	  <!-- vo객체 하나였으면 resultType을 사용해서  vo를 넣어주었다.-->
	  <select id="select" resultMap="memberMap">
	  
	  	SELECT m.id, pw, name, regDate, updateDate ,enabled, a.auth 
 		FROM tbl_member m 
 		JOIN tbl_member_auth a
 		ON m.id = a.id
 		WHERE m.id = #{id}
 		
	  </select>
	  
  </mapper>