<?xml version="1.0" encoding="UTF-8"?>
<!DOCTYPE mapper
  PUBLIC "-//mybatis.org//DTD Mapper 3.0//EN"
  "https://mybatis.org/dtd/mybatis-3-mapper.dtd">
  
  <mapper namespace="org.zerock.mapper.ProductImgMapper">
  
  
	  		<select id="selectAll" resultType="org.zerock.domain.ProductImgVO">  
			    SELECT * FROM product_img WHERE pid = #{pid}
		   </select>
		   
		   <insert id="insert" >
			  	INSERT INTO product_img(pid, uuid, upFolder, fileName, image )
			 	VALUES(#{pid}, #{uuid}, #{upFolder}, #{fileName}, #{image} )
		  </insert>
		  
		   <delete id="deleteAll">
			  DELETE FROM product_img WHERE pid = #{pid}
		  </delete>
		  
		    
		  <delete id="delete">
		 	 DELETE FROM product_img WHERE uuid = #{uuid}
		  </delete>
		    
		  <!-- 어제 자 목록 출력 -->
	 	<select id="yesterdayFiles" resultType="org.zerock.domain.ProductImgVO">
	 		SELECT * from product_img
			WHERE upFolder= TO_CHAR(SYSDATE - 1, 'yyyy\MM\dd') 	
	 	</select>
  
  

  </mapper>
  
  
  
  
  