<?xml version="1.0" encoding="UTF-8"?>
<!DOCTYPE mapper
  PUBLIC "-//mybatis.org//DTD Mapper 3.0//EN"
  "https://mybatis.org/dtd/mybatis-3-mapper.dtd">
  
  <mapper namespace="org.zerock.mapper.ProductMapper">
  
		  <!-- 제품 전체 목록 -->
		  <select id="proSelectAll" resultType="org.zerock.domain.ProductVO">
		  
		  	SELECT * FROM product
		  
		  </select>
		  
		  <!-- 제품 상세 조회  -->
		  <select id="proSelect" resultType="org.zerock.domain.ProductVO">
		  
		 	 SELECT * FROM product WHERE pid = #{pid}
		 	 
		  </select>
		 
		  <!-- 제품 등록 -->
	  	  <insert id="proInsert">
	  	  
	  	  	INSERT INTO product VALUES (#{pid}, #{pname}, #{price}, #{description}, #{maker}, #{category}, #{stock}, #{condition}, #{pimage})
	  	  	
	  	  </insert>
	
		  <!-- 제품 수정 -->
		  <update id="proUpdate">
		  
			  UPDATE product SET pid = #{pid}, pname = #{pname}, price = #{price}, description = #{description},
			  maker = #{maker}, CATEGORY = #{category}, STOCK = #{stock}, CONDITION = #{condition}, PIMAGE = #{pimage} 
			  WHERE pid = #{pid}
	
	  	  </update>
	  
	      <!-- 제품 삭제  --> 
	      <delete id="proDelete">
	  
	  		DELETE FROM product WHERE pid = #{pid}
	  	
	  	 </delete>
  
  </mapper>