<?xml version="1.0" encoding="UTF-8"?>
<!DOCTYPE mapper
  PUBLIC "-//mybatis.org//DTD Mapper 3.0//EN"
  "https://mybatis.org/dtd/mybatis-3-mapper.dtd">


<mapper namespace="org.zerock.mapper.ReplyMapper">

	<!-- 댓글 개수 가져오는 select문 추가하기  -->
	<select id="selectReply" resultType="int">
	
		SELECT COUNT(*) FROM tbl_reply WHERE bno= #{bno}
	</select>


	<insert id="reInsert">
		INSERT INTO tbl_reply(rno,bno,reply,replyer)
		VALUES (seq_reply.nextval, #{bno}, #{reply}, #{replyer})	
	</insert>


	 <select id="reSelect" resultType="org.zerock.domain.ReplyVO">
	    SELECT * FROM tbl_reply WHERE rno = #{rno}    <!-- 파라미터로 보내면 여기에 알아서 들어간다. -->
	  </select>
	  
	  <!--  페이징이랑 검색기능 (다이나믹 쿼리를 사용해서), 댓글 정렬은 오름차순-->
  <select id="reSelectAllPaging" resultType="org.zerock.domain.ReplyVO">
	<![CDATA[
			 SELECT rno, bno, reply, replyer, regDate, updateDate
    		 FROM (SELECT /*+INDEX(tbl_reply idx_reply) */
       		 rownum rn,bno, rno, reply, replyer, regDate, updateDate
       		 FROM tbl_reply
      		 WHERE bno = #{bno} 
       		 AND rownum <= #{cri.amount} * #{cri.pageNum} )
       		 WHERE rn > #{cri.amount} * ( #{cri.pageNum} -1)]]> 
  </select>
	

	<update id="reUpdate">
	  	UPDATE tbl_reply SET reply = #{reply}, updateDate = SYSDATE
	  	WHERE rno = #{rno}
  	</update>
  	
  	<delete id="reDelete">
 	 DELETE FROM tbl_reply WHERE rno = #{rno}
   </delete>
   
   <delete id="reDeleteAll">
 	 DELETE FROM tbl_reply WHERE bno = #{bno}
   </delete>


</mapper>