<?xml version="1.0" encoding="UTF-8"?>
<!DOCTYPE mapper
  PUBLIC "-//mybatis.org//DTD Mapper 3.0//EN"
  "https://mybatis.org/dtd/mybatis-3-mapper.dtd">
  
  
<mapper namespace="org.zerock.mapper.ReviewMapper">

	<!-- 리뷰 개수 가져오는 select문 추가하기  -->
	<select id="selectReview" resultType="int">
	
		SELECT COUNT(*) FROM tbl_review WHERE pid= #{pid}
	</select>


	<insert id="reviewInsert">
		INSERT INTO tbl_review(revno, pid,review,reviewer)
		VALUES (seq_revno.nextval, #{pid}, #{review}, #{reviewer})	
	</insert>


	 <select id="reviewSelect" resultType="org.zerock.domain.ReviewVO">
	    SELECT * FROM tbl_review WHERE revno = #{revno}    <!-- 파라미터로 보내면 여기에 알아서 들어간다. -->
	  </select>
	  
	  <!--  페이징이랑 검색기능 (다이나믹 쿼리를 사용해서), 댓글 정렬은 오름차순-->
  <select id="reviewSelectAllPaging" resultType="org.zerock.domain.ReviewVO">
	<![CDATA[
			 SELECT revno, pid, review, reviewer, regDate, updateDate
    		 FROM (SELECT /*+INDEX(tbl_review idx_review) */
       		 rownum rn, pid, revno, review, reviewer, regDate, updateDate
       		 FROM tbl_review
      		 WHERE pid = #{pid} 
       		 AND rownum <= #{cri.amount} * #{cri.pageNum} )
       		 WHERE rn > #{cri.amount} * ( #{cri.pageNum} -1)]]> 
  </select>
	

	<update id="reviewUpdate">
	  	UPDATE tbl_review SET review = #{review}, updateDate = SYSDATE
	  	WHERE revno = #{revno}
  	</update>
  	
  	<delete id="reviewDelete">
 	 DELETE FROM tbl_review WHERE revno = #{revno}
   </delete>
   
   <delete id="reviewDeleteAll">
 	 DELETE FROM tbl_review WHERE pid = #{pid}
   </delete>


</mapper>