<?xml version="1.0" encoding="UTF-8"?>
<!DOCTYPE mapper
  PUBLIC "-//mybatis.org//DTD Mapper 3.0//EN"
  "https://mybatis.org/dtd/mybatis-3-mapper.dtd">


<mapper namespace="org.artauc.mapper.BoardAttachMapper">


		<select id="selectAll" resultType="org.artauc.domain.BoardAttachVO">  
		    SELECT * FROM tbl_attach WHERE bno = #{bno}
	   </select>
	   
	   <insert id="insert" >
		  	INSERT INTO tbl_attach(bno, uuid, upFolder, fileName, image )
		 	VALUES(#{bno}, #{uuid}, #{upFolder}, #{fileName}, #{image} )
	  </insert>
	  
	   <delete id="deleteAll">
		  DELETE FROM tbl_attach WHERE bno = #{bno}
	  </delete>
	  
	    
	  <delete id="delete">
	 	 DELETE FROM tbl_attach WHERE uuid = #{uuid}
	  </delete>
	    
	  <!-- 어제 자 목록 출력 -->
 	<select id="yesterdayFiles" resultType="org.artauc.domain.BoardAttachVO">
 		SELECT * from tbl_attach
		WHERE upFolder= TO_CHAR(SYSDATE - 1, 'yyyy\MM\dd') 	
 	</select>
	  
	  
	 

</mapper>