<?xml version="1.0" encoding="UTF-8"?>
<!DOCTYPE mapper
  PUBLIC "-//mybatis.org//DTD Mapper 3.0//EN"
  "https://mybatis.org/dtd/mybatis-3-mapper.dtd">
  
  
  <mapper namespace="org.artauc.mapper.UserMapper">
  
  	<resultMap type="org.artauc.domain.MemberVO" id="memberMap">  <!--property에 있는건 vo에 있는거  column에는 db에 있는 이름으로 -->
  																  <!-- 만약에 db와 vo의 이름이 다를때 이렇게 처리해줄 수 있다. -->
  		<!-- 기본키 -->
  		<id property="mid" column="mid"/>
  		
  		<!--result는 값 하나만 가지고 있는  -->
  		<result property="mid" column="mid"/>
  		<result property="pw" column="pw"/>
  		<result property="name" column="name"/>
  		<result property="phone" column="phone"/>
  		<result property="email" column="email"/>
  		<result property="joinDate" column="join_date"/>
  		<result property="stopDate" column="stop_date"/>
  		<result property="enabled" column="enabled"/>
  		
  		<!-- 값 여러개 가지고 있는 VO와 이름 맞춰서  -->
  		<association property="auth" javaType="org.artauc.domain.AuthVO" >
  			<result property="auth" column="authority"/>
  		</association>
  	
  	</resultMap>
  	
  	 <resultMap type="org.artauc.domain.ArtistVO" id="artistMap">
  	 
  	 	<id property="mid" column="mid"/>
	
  		<result property="mid" column="mid"/>
  		<result property="major" column="major"/>
  		<result property="career" column="career"/>
  		<result property="photo" column="photo"/>
  		<result property="introduce" column="introduce"/>
  		
  	</resultMap>
  	
  	<resultMap type="org.artauc.domain.RequestVO" id="requestMap">
 	 
 	 	<id property="requeNo" column="reque_no"/>

 		<result property="requeNo" column="reque_no"/>
 		<result property="mid" column="mid"/>
 		<result property="state" column="state"/>
 		<result property="requestDate" column="request_date"/>
 		<result property="compleDate" column="comple_date"/>

 	</resultMap>
  	 
  	 <!--내 정보 보기  -->
  	  <select id="select" resultMap="memberMap">
  	  
  	    SELECT m.mid, m.name, m.pw, m.phone, m.email, m.join_date, m.stop_date, m.enabled, a.authority
		FROM A_MEMBER m
		JOIN AUTH a
		ON m.mid = a.mid
 		WHERE m.mid = #{mid}
   		
 	 </select>
 	 
  	 <!--내 정보 수정 -->
  	  <update id="update">
  	  
  	  	UPDATE A_MEMBER 
		SET phone = #{phone} ,email = #{email}
		WHERE mid = #{mid}
	  	
  	 </update>
  	 
  	 <!--회원 탈퇴 -->
  	 <delete id="delete">
  	 
 		 DELETE from A_MEMBER 
		 WHERE mid = #{mid}
		 
    </delete>
    
  	 <!-- 작가 신청 - 작가정보테이블  -->
  	 <insert id="insert">
  	 
		INSERT INTO ARTIST (mid, major, introduce, career, photo)
		VALUES (#{mid}, #{major}, #{introduce}, #{career}, #{photo})
		
	  </insert>
	  
	  <!-- 작가 신청 - 작가신청테이블  -->
	  <insert id="reqInsert">
  	 
		INSERT INTO REQUEST (reque_no,mid)
		VALUES (SEQ_REQUEST_REQUE_NO.NEXTVAL,#{mid})
		
	  </insert>
	   
  	 <!-- 작가 신청  조회 하기 -->
  	  <select id="artSearch" resultType="String">
  	  
  	    SELECT state 
		FROM REQUEST
		WHERE mid = #{mid}
   		
 	 </select>
 	 
  	 <!-- 작가 정보 보기 -->
  	  <select id="artSelect" resultMap="artistMap"> 
  	  
  	  	SELECT * 
		FROM ARTIST
		WHERE mid = #{mid}
   		
 	 </select>
 	 
  	 <!-- 작가 정보 수정 -->
  	  <update id="artUpdate">  
  	  
  	  	UPDATE ARTIST 
		SET major = #{major}, introduce = #{introduce}, career = #{career}, photo = #{photo}
		WHERE mid = #{mid}
	 
  	 </update>
	  
  </mapper>