<?xml version="1.0" encoding="UTF-8" ?>
<!DOCTYPE mapper
  PUBLIC "-//mybatis.org//DTD Mapper 3.0//EN"
  "https://mybatis.org/dtd/mybatis-3-mapper.dtd">
  
  
  <!--인터페이스와  파일이름이같아야한다.  -->
  <!-- id와 인터페이스의 메서드 이름과 같아야 한다. -->
  <!-- resultType도 가져와야 한다.  -->
  <!-- vo면 vo 하나에다가 담고 여러개?면 자동으로 list로 바꿔서 담아준다. -->
  <!-- 쿼리문 안에 대소문자 기호가 들어갈 경우에 ![CDATA[]] 를 사용해서 담아줘야 한다.  -->
  <!-- 여기에서는 mapper로 패키지 이름 적어놓음 -->
  
<mapper namespace="org.zerock.mapper.BoardMapper">

	<!-- 쿼리 보관 -->
	<sql id="criteria">
		<!-- 제일 앞에 ( 를 붙이고, where 뒤에 바로 and 나 or이  오면 안되기 때문에 trim 먼저-->
	    			<!-- 앞부분에 시작하는 (랑 끝에는 )랑 AND로 마무리한다. -->
	    			<trim prefix="(" suffix=") AND" prefixOverrides="OR">
	    				<foreach item="type" collection="typeArr"> <!-- 여기서 collection 쓰는 이유 더 알아보기. -->
	    					<trim prefix="OR">						<!-- 앞부분 빼고 where이어주는거 or를 붙임  -->
	    					<choose>
	    						<when test="type == 'T'.toString()">
	    							title LIKE '%'||#{keyword}||'%' 						
	    						</when>	
	    						<when test="type == 'C'.toString()">
	    							content LIKE '%'||#{keyword}||'%' 						
	    						</when>
	    						<when test="type == 'W'.toString()">
	    							writer LIKE '%'||#{keyword}||'%' 						
	    						</when>		
	    					</choose>
	   						</trim>
	    				</foreach>
	    			</trim>
	    			<!-- 마지막에 )를 붙인 후 원래 있었던 쿼리와 연결해야 하니 AND를 붙인다. -->
		</sql>

 <select id="selectAll" resultType="org.zerock.domain.BoardVO">

  <![CDATA[ 
    SELECT * FROM tb1_board WHERE bno > 0	 ]]>  <!-- 여기 왜이렇게 쓰는지 0보다 크게 -->

  </select>
  
	<!--   페이징이랑 검색기능 (다이나믹 쿼리를 사용해서) -->
<select id="selectAllPaging" resultType="org.zerock.domain.BoardVO">
<![CDATA[ SELECT bno, title, content, writer, regDate, updateDate, replyCnt
 FROM ( SELECT /*+INDEX_DESC(tb1_board pk_board) */ 
 rownum rn, bno, title, content, writer, regDate, updateDate, replyCnt 
 FROM tb1_board WHERE ]]>
<!--  보관해둔 쿼리 사용(검색기능)   -->
<include refid="criteria"/>
<![CDATA[ rownum <= #{amount} * #{pageNum} )
 WHERE rn > #{amount} * ( #{pageNum} -1) ]]>

</select>
  
  <select id="totalCount" resultType="int">
   	SELECT COUNT(*) FROM tb1_board
	WHERE
	   	<!-- 보관해둔 쿼리 사용  -->
		<include refid="criteria"></include>
	 <![CDATA[	bno > 0 ]]>
  </select>


  <select id="select" resultType="org.zerock.domain.BoardVO">
    SELECT * FROM tb1_board WHERE bno = #{bno}    <!-- 파라미터로 보내면 여기에 알아서 들어간다. -->
  </select> 
  
  <!-- #{} 안에 들어가는건 꼭  VO와 이름이 같아야 한다.  -->
  <!--  게시판 목록에 댓글수가 떠야함. insert될때  update가 된다.-->
  <insert id="insert" >
  	INSERT INTO tb1_board(bno,title, content, writer  )
 	VALUES(seq_board.nextval, #{title}, #{content}, #{writer} )
  </insert>
  
  <!-- insert를 하기 전에 key를 증가시켜서 시퀀스가 먼저 증가된 후에 그 값을 알아야 하는경우 -->
  <!-- pk 값을 미리 처리해서 bno에 저장 -->
  <insert id="insertSelectKey" >
  <selectKey keyProperty="bno" order="BEFORE" resultType="int">
    SELECT seq_board.nextval FROM dual
  </selectKey> 
    
    <!-- 시퀀스 대신 저장해 둔 bno를 사용 -->
  	INSERT INTO tb1_board(bno,title, content, writer)
 	VALUES(#{bno}, #{title}, #{content}, #{writer})
  </insert>
  
  <delete id="delete">
 	 DELETE FROM tb1_board WHERE bno = #{bno}
  </delete>
  
  <update id="update">
  	UPDATE tb1_board SET title = #{title}, content = #{content}, writer = #{writer}, updateDate = SYSDATE
  	WHERE bno = #{bno}
  
  </update>
  
  <!-- 댓글 수 업데이트 -->
  <!-- 댓글이  insert가 되면   -->
  <update id="updateReplyCnt">
  
  	UPDATE tb1_board SET replyCnt = replyCnt + #{amount} WHERE  bno = #{bno}
  
  </update>
  
</mapper>



