<?xml version="1.0" encoding="UTF-8" ?>
<!DOCTYPE mapper
  PUBLIC "-//mybatis.org//DTD Mapper 3.0//EN"
  "https://mybatis.org/dtd/mybatis-3-mapper.dtd">
  
  
  <!--인터페이스와  파일이름이같아야한다.  -->
  <!-- id와 인터페이스의 메서드 이름과 같아야 한다. -->
  <!-- resultType도 가져와야 한다.  -->
  <!-- vo면 vo 하나에다가 담고 여러개?면 자동으로 list로 바꿔서 담아준다. -->
  <!-- 쿼리문 안에 대소문자 기호가 들어갈 경우에 ![CDATA[]] 를 사용해서 담아줘야 한다.  -->
  <!-- 여기에서는 mapper로 패키지 이름 적어놓음 -->
  
<mapper namespace="org.zerock.mapper.BoardMapper">
  <select id="selectAll" resultType="org.zerock.domain.BoardVO">

  <![CDATA[   SELECT * FROM tb1_board  WHERE bno > 0   ]]>  <!-- 여기 왜이렇게 쓰는지 0보다 크게 -->
  </select>


  <select id="select" resultType="org.zerock.domain.BoardVO">
    SELECT * FROM tb1_board WHERE bno = #{bno}   <!-- 파라미터로 보내면 여기에 알아서 들어간다. -->
  </select> 
  
  <!-- #{} 안에 들어가는건 꼭  VO와 이름이 같아야 한다.  -->
  <insert id="insert" >
  	INSERT INTO tb1_board(bno,title, content, writer)
 	VALUES(seq_board.nextval, #{title}, #{content}, #{writer})
  </insert>
  
  <!-- insert를 하기 전에 key를 증가시켜서 시퀀스가 먼저 증가된 후에 그 값을 알아야 하는경우 -->
  <!-- pk 값을 미리 처리해서 bno에 저장 -->
  <insert id="insertSelectKey" >
  <selectKey keyProperty="bno" order="BEFORE" resultType="int">
    SELECT seq_board.nextval FROM dual
  </selectKey> 
    
    <!-- 시퀀스 대신 저장해 둔 bno를 사용 -->
  	INSERT INTO tb1_board(bno,title, content, writer)
 	VALUES(#{bno}, #{title}, #{content}, #{writer})
  </insert>
  
  <delete id="delete">
 	 DELETE FROM tb1_board WHERE bno = #{bno}
  </delete>
  
  <update id="update">
  	UPDATE tb1_board SET title = #{title}, content = #{content}, writer = #{writer}, updateDate = SYSDATE
  	WHERE bno = #{bno}
  
  </update>
  
  
</mapper>



